what,kind,bundleId,bundleVersion,description,time
executed,command,org.eclipse.ui,3.7.0.v20110928-1505,"org.eclipse.ui.edit.paste",1480938001515
executed,command,org.eclipse.ui,3.7.0.v20110928-1505,"org.eclipse.ui.file.save",1480938003796
activated,view,org.eclipse.ui.navigator.resources,3.4.300.v20110928-1505,"org.eclipse.ui.navigator.ProjectExplorer",1480938004845
deactivated,workbench,org.eclipse.ui.workbench,3.7.1.v20120104-1859,"",1480938007134
activated,workbench,org.eclipse.ui.workbench,3.7.1.v20120104-1859,"",1480938026946
executed,command,,,"com.altera.sbtgui.launch.hardware.Nios2HardwareLaunchShortcut.run",1480938030998
activated,view,com.altera.sbtgui.launch,13.1.0.162,"com.altera.sbtgui.launch.hardware.ByteStreamConsoleView",1480938043094
activated,view,org.eclipse.ui.console,3.5.100.v20111007_r372,"org.eclipse.ui.console.ConsoleView",1480938043831
activated,view,com.altera.sbtgui.launch,13.1.0.162,"com.altera.sbtgui.launch.hardware.ByteStreamConsoleView",1480938086014
deactivated,workbench,org.eclipse.ui.workbench,3.7.1.v20120104-1859,"",1480938101331
activated,workbench,org.eclipse.ui.workbench,3.7.1.v20120104-1859,"",1480938152682
activated,editor,org.eclipse.cdt.ui,5.3.2.201202111925,"org.eclipse.cdt.ui.editor.CEditor",1480938152781
deactivated,workbench,org.eclipse.ui.workbench,3.7.1.v20120104-1859,"",1480938173422
activated,workbench,org.eclipse.ui.workbench,3.7.1.v20120104-1859,"",1480938243876
activated,editor,org.eclipse.cdt.ui,5.3.2.201202111925,"org.eclipse.cdt.ui.editor.CEditor",1480938243985
activated,editor,org.eclipse.cdt.ui,5.3.2.201202111925,"org.eclipse.cdt.ui.editor.CEditor",1480938245172
executed,command,org.eclipse.ui,3.7.0.v20110928-1505,"org.eclipse.ui.edit.copy",1480938258025
executed,command,org.eclipse.ui,3.7.0.v20110928-1505,"org.eclipse.ui.edit.paste",1480938258903
executed,command,org.eclipse.ui,3.7.0.v20110928-1505,"org.eclipse.ui.edit.undo",1480938259655
executed,command,org.eclipse.ui,3.7.0.v20110928-1505,"org.eclipse.ui.edit.copy",1480938260958
executed,command,org.eclipse.ui,3.7.0.v20110928-1505,"org.eclipse.ui.edit.paste",1480938261942
executed,command,org.eclipse.ui,3.7.0.v20110928-1505,"org.eclipse.ui.file.save",1480938262593
activated,editor,org.eclipse.cdt.ui,5.3.2.201202111925,"org.eclipse.cdt.ui.editor.CEditor",1480938275705
executed,command,org.eclipse.ui,3.7.0.v20110928-1505,"org.eclipse.ui.edit.copy",1480938305234
executed,command,org.eclipse.ui,3.7.0.v20110928-1505,"org.eclipse.ui.edit.paste",1480938306782
executed,command,org.eclipse.ui,3.7.0.v20110928-1505,"org.eclipse.ui.file.save",1480938311652
executed,command,org.eclipse.ui,3.7.0.v20110928-1505,"org.eclipse.ui.file.save",1480938330358
activated,view,org.eclipse.ui.navigator.resources,3.4.300.v20110928-1505,"org.eclipse.ui.navigator.ProjectExplorer",1480938337834
deactivated,workbench,org.eclipse.ui.workbench,3.7.1.v20120104-1859,"",1480938340481
activated,workbench,org.eclipse.ui.workbench,3.7.1.v20120104-1859,"",1480938361453
executed,command,,,"com.altera.sbtgui.launch.hardware.Nios2HardwareLaunchShortcut.run",1480938365572
activated,view,com.altera.sbtgui.launch,13.1.0.162,"com.altera.sbtgui.launch.hardware.ByteStreamConsoleView",1480938377630
activated,view,org.eclipse.ui.console,3.5.100.v20111007_r372,"org.eclipse.ui.console.ConsoleView",1480938378422
activated,view,com.altera.sbtgui.launch,13.1.0.162,"com.altera.sbtgui.launch.hardware.ByteStreamConsoleView",1480938420616
activated,editor,org.eclipse.cdt.ui,5.3.2.201202111925,"org.eclipse.cdt.ui.editor.CEditor",1480938488740
activated,editor,org.eclipse.cdt.ui,5.3.2.201202111925,"org.eclipse.cdt.ui.editor.CEditor",1480938513267
executed,command,org.eclipse.ui,3.7.0.v20110928-1505,"org.eclipse.ui.edit.copy",1480938536046
executed,command,org.eclipse.ui,3.7.0.v20110928-1505,"org.eclipse.ui.edit.text.contentAssist.proposals",1480938538805
executed,command,org.eclipse.ui,3.7.0.v20110928-1505,"org.eclipse.ui.edit.paste",1480938540027
executed,command,org.eclipse.ui,3.7.0.v20110928-1505,"org.eclipse.ui.edit.undo",1480938540450
executed,command,org.eclipse.ui,3.7.0.v20110928-1505,"org.eclipse.ui.edit.paste",1480938548022
executed,command,org.eclipse.ui,3.7.0.v20110928-1505,"org.eclipse.ui.file.save",1480938549508
activated,view,org.eclipse.ui.navigator.resources,3.4.300.v20110928-1505,"org.eclipse.ui.navigator.ProjectExplorer",1480938550917
deactivated,workbench,org.eclipse.ui.workbench,3.7.1.v20120104-1859,"",1480938553125
executed,command,,,"com.altera.sbtgui.launch.hardware.Nios2HardwareLaunchShortcut.run",1480938577313
activated,workbench,org.eclipse.ui.workbench,3.7.1.v20120104-1859,"",1480938586937
deactivated,workbench,org.eclipse.ui.workbench,3.7.1.v20120104-1859,"",1480938589005
activated,view,com.altera.sbtgui.launch,13.1.0.162,"com.altera.sbtgui.launch.hardware.ByteStreamConsoleView",1480938590116
activated,workbench,org.eclipse.ui.workbench,3.7.1.v20120104-1859,"",1480938590882
activated,view,org.eclipse.ui.console,3.5.100.v20111007_r372,"org.eclipse.ui.console.ConsoleView",1480938590882
deactivated,workbench,org.eclipse.ui.workbench,3.7.1.v20120104-1859,"",1480938603898
activated,workbench,org.eclipse.ui.workbench,3.7.1.v20120104-1859,"",1480938622321
deactivated,workbench,org.eclipse.ui.workbench,3.7.1.v20120104-1859,"",1480938625469
activated,workbench,org.eclipse.ui.workbench,3.7.1.v20120104-1859,"",1480938632337
activated,view,com.altera.sbtgui.launch,13.1.0.162,"com.altera.sbtgui.launch.hardware.ByteStreamConsoleView",1480938633420
activated,editor,org.eclipse.cdt.ui,5.3.2.201202111925,"org.eclipse.cdt.ui.editor.CEditor",1480938663165
activated,view,com.altera.sbtgui.launch,13.1.0.162,"com.altera.sbtgui.launch.hardware.ByteStreamConsoleView",1480938677789
activated,editor,org.eclipse.cdt.ui,5.3.2.201202111925,"org.eclipse.cdt.ui.editor.CEditor",1480938679654
executed,command,org.eclipse.ui,3.7.0.v20110928-1505,"org.eclipse.ui.file.save",1480938683141
executed,command,org.eclipse.ui,3.7.0.v20110928-1505,"org.eclipse.ui.edit.cut",1480938730779
executed,command,org.eclipse.ui,3.7.0.v20110928-1505,"org.eclipse.ui.edit.paste",1480938732259
executed,command,org.eclipse.ui,3.7.0.v20110928-1505,"org.eclipse.ui.file.save",1480938732612
activated,view,org.eclipse.ui.navigator.resources,3.4.300.v20110928-1505,"org.eclipse.ui.navigator.ProjectExplorer",1480938734273
deactivated,workbench,org.eclipse.ui.workbench,3.7.1.v20120104-1859,"",1480938737681
activated,workbench,org.eclipse.ui.workbench,3.7.1.v20120104-1859,"",1480938747041
executed,command,,,"com.altera.sbtgui.launch.hardware.Nios2HardwareLaunchShortcut.run",1480938751099
deactivated,workbench,org.eclipse.ui.workbench,3.7.1.v20120104-1859,"",1480938760251
activated,workbench,org.eclipse.ui.workbench,3.7.1.v20120104-1859,"",1480938774879
activated,editor,org.eclipse.cdt.ui,5.3.2.201202111925,"org.eclipse.cdt.ui.editor.CEditor",1480938779750
executed,command,org.eclipse.ui,3.7.0.v20110928-1505,"org.eclipse.ui.edit.copy",1480938783180
deactivated,workbench,org.eclipse.ui.workbench,3.7.1.v20120104-1859,"",1480938783493
activated,workbench,org.eclipse.ui.workbench,3.7.1.v20120104-1859,"",1480938798015
deactivated,workbench,org.eclipse.ui.workbench,3.7.1.v20120104-1859,"",1480938798468
activated,workbench,org.eclipse.ui.workbench,3.7.1.v20120104-1859,"",1480938830286
executed,command,org.eclipse.ui,3.7.0.v20110928-1505,"org.eclipse.ui.edit.text.contentAssist.proposals",1480938833301
executed,command,org.eclipse.ui,3.7.0.v20110928-1505,"org.eclipse.ui.edit.text.contentAssist.proposals",1480938836340
executed,command,org.eclipse.ui,3.7.0.v20110928-1505,"org.eclipse.ui.file.save",1480938836887
executed,command,org.eclipse.ui,3.7.0.v20110928-1505,"org.eclipse.ui.edit.text.contentAssist.proposals",1480938841668
executed,command,org.eclipse.ui,3.7.0.v20110928-1505,"org.eclipse.ui.edit.delete",1480938843715
executed,command,org.eclipse.ui,3.7.0.v20110928-1505,"org.eclipse.ui.file.save",1480938844937
executed,command,org.eclipse.ui,3.7.0.v20110928-1505,"org.eclipse.ui.file.save",1480938850671
deactivated,workbench,org.eclipse.ui.workbench,3.7.1.v20120104-1859,"",1480938852155
activated,workbench,org.eclipse.ui.workbench,3.7.1.v20120104-1859,"",1480938854925
executed,command,org.eclipse.ui,3.7.0.v20110928-1505,"org.eclipse.ui.edit.paste",1480938856535
executed,command,org.eclipse.ui,3.7.0.v20110928-1505,"org.eclipse.ui.file.save",1480938856972
activated,view,org.eclipse.ui.navigator.resources,3.4.300.v20110928-1505,"org.eclipse.ui.navigator.ProjectExplorer",1480938884126
activated,view,com.altera.sbtgui.launch,13.1.0.162,"com.altera.sbtgui.launch.hardware.ByteStreamConsoleView",1480938886671
activated,editor,org.eclipse.cdt.ui,5.3.2.201202111925,"org.eclipse.cdt.ui.editor.CEditor",1480938890562
activated,view,org.eclipse.ui.navigator.resources,3.4.300.v20110928-1505,"org.eclipse.ui.navigator.ProjectExplorer",1480938895968
deactivated,workbench,org.eclipse.ui.workbench,3.7.1.v20120104-1859,"",1480938898530
activated,workbench,org.eclipse.ui.workbench,3.7.1.v20120104-1859,"",1480938917656
executed,command,,,"com.altera.sbtgui.launch.hardware.Nios2HardwareLaunchShortcut.run",1480938922156
activated,view,com.altera.sbtgui.launch,13.1.0.162,"com.altera.sbtgui.launch.hardware.ByteStreamConsoleView",1480938922156
activated,view,org.eclipse.ui.console,3.5.100.v20111007_r372,"org.eclipse.ui.console.ConsoleView",1480938922453
deactivated,workbench,org.eclipse.ui.workbench,3.7.1.v20120104-1859,"",1480938922515
activated,workbench,org.eclipse.ui.workbench,3.7.1.v20120104-1859,"",1480938922578
activated,view,com.altera.sbtgui.launch,13.1.0.162,"com.altera.sbtgui.launch.hardware.ByteStreamConsoleView",1480938934703
activated,view,org.eclipse.ui.console,3.5.100.v20111007_r372,"org.eclipse.ui.console.ConsoleView",1480938935483
activated,view,com.altera.sbtgui.launch,13.1.0.162,"com.altera.sbtgui.launch.hardware.ByteStreamConsoleView",1480938978526
activated,editor,org.eclipse.cdt.ui,5.3.2.201202111925,"org.eclipse.cdt.ui.editor.CEditor",1480939014795
executed,command,org.eclipse.ui,3.7.0.v20110928-1505,"org.eclipse.ui.edit.copy",1480939040694
deactivated,workbench,org.eclipse.ui.workbench,3.7.1.v20120104-1859,"",1480939076637
activated,workbench,org.eclipse.ui.workbench,3.7.1.v20120104-1859,"",1480939093097
deactivated,workbench,org.eclipse.ui.workbench,3.7.1.v20120104-1859,"",1480939096274
activated,workbench,org.eclipse.ui.workbench,3.7.1.v20120104-1859,"",1480939191128
activated,editor,org.eclipse.cdt.ui,5.3.2.201202111925,"org.eclipse.cdt.ui.editor.CEditor",1480939225678
deactivated,workbench,org.eclipse.ui.workbench,3.7.1.v20120104-1859,"",1480939227444
activated,workbench,org.eclipse.ui.workbench,3.7.1.v20120104-1859,"",1480939235570
executed,command,org.eclipse.ui,3.7.0.v20110928-1505,"org.eclipse.ui.edit.paste",1480939243938
executed,command,org.eclipse.ui,3.7.0.v20110928-1505,"org.eclipse.ui.file.save",1480939253131
activated,view,org.eclipse.ui.navigator.resources,3.4.300.v20110928-1505,"org.eclipse.ui.navigator.ProjectExplorer",1480939257709
deactivated,workbench,org.eclipse.ui.workbench,3.7.1.v20120104-1859,"",1480939259666
activated,workbench,org.eclipse.ui.workbench,3.7.1.v20120104-1859,"",1480939278906
executed,command,,,"com.altera.sbtgui.launch.hardware.Nios2HardwareLaunchShortcut.run",1480939282927
activated,view,com.altera.sbtgui.launch,13.1.0.162,"com.altera.sbtgui.launch.hardware.ByteStreamConsoleView",1480939294978
activated,view,org.eclipse.ui.console,3.5.100.v20111007_r372,"org.eclipse.ui.console.ConsoleView",1480939295771
activated,editor,org.eclipse.cdt.ui,5.3.2.201202111925,"org.eclipse.cdt.ui.editor.CEditor",1480939296365
activated,editor,org.eclipse.cdt.ui,5.3.2.201202111925,"org.eclipse.cdt.ui.editor.CEditor",1480939351898
activated,editor,org.eclipse.cdt.ui,5.3.2.201202111925,"org.eclipse.cdt.ui.editor.CEditor",1480939353601
activated,editor,org.eclipse.cdt.ui,5.3.2.201202111925,"org.eclipse.cdt.ui.editor.CEditor",1480939384162
activated,editor,org.eclipse.cdt.ui,5.3.2.201202111925,"org.eclipse.cdt.ui.editor.CEditor",1480939386127
activated,editor,org.eclipse.cdt.ui,5.3.2.201202111925,"org.eclipse.cdt.ui.editor.CEditor",1480939387299
activated,view,com.altera.sbtgui.launch,13.1.0.162,"com.altera.sbtgui.launch.hardware.ByteStreamConsoleView",1480939420688
activated,editor,org.eclipse.cdt.ui,5.3.2.201202111925,"org.eclipse.cdt.ui.editor.CEditor",1480939421907
executed,command,org.eclipse.ui,3.7.0.v20110928-1505,"org.eclipse.ui.edit.cut",1480939425492
executed,command,org.eclipse.ui,3.7.0.v20110928-1505,"org.eclipse.ui.file.save",1480939426649
activated,editor,org.eclipse.cdt.ui,5.3.2.201202111925,"org.eclipse.cdt.ui.editor.CEditor",1480939427082
executed,command,org.eclipse.ui,3.7.0.v20110928-1505,"org.eclipse.ui.edit.paste",1480939429254
executed,command,org.eclipse.ui.workbench.texteditor,3.7.0.v20110928-1504,"org.eclipse.ui.edit.text.select.wordPrevious",1480939461887
executed,command,org.eclipse.ui,3.7.0.v20110928-1505,"org.eclipse.ui.edit.copy",1480939462168
executed,command,org.eclipse.ui,3.7.0.v20110928-1505,"org.eclipse.ui.edit.paste",1480939464653
executed,command,org.eclipse.ui,3.7.0.v20110928-1505,"org.eclipse.ui.edit.copy",1480939465528
executed,command,org.eclipse.ui,3.7.0.v20110928-1505,"org.eclipse.ui.edit.paste",1480939467340
executed,command,org.eclipse.ui,3.7.0.v20110928-1505,"org.eclipse.ui.edit.paste",1480939469247
executed,command,org.eclipse.ui,3.7.0.v20110928-1505,"org.eclipse.ui.edit.paste",1480939472336
executed,command,org.eclipse.ui,3.7.0.v20110928-1505,"org.eclipse.ui.edit.paste",1480939475601
executed,command,org.eclipse.ui,3.7.0.v20110928-1505,"org.eclipse.ui.edit.paste",1480939477900
executed,command,org.eclipse.ui,3.7.0.v20110928-1505,"org.eclipse.ui.edit.paste",1480939480494
executed,command,org.eclipse.ui,3.7.0.v20110928-1505,"org.eclipse.ui.edit.paste",1480939482853
executed,command,org.eclipse.ui,3.7.0.v20110928-1505,"org.eclipse.ui.file.save",1480939483103
activated,editor,org.eclipse.cdt.ui,5.3.2.201202111925,"org.eclipse.cdt.ui.editor.CEditor",1480939483759
executed,command,org.eclipse.ui,3.7.0.v20110928-1505,"org.eclipse.ui.edit.copy",1480939510722
executed,command,org.eclipse.ui,3.7.0.v20110928-1505,"org.eclipse.ui.edit.paste",1480939515851
executed,command,org.eclipse.ui,3.7.0.v20110928-1505,"org.eclipse.ui.file.save",1480939526392
executed,command,org.eclipse.ui,3.7.0.v20110928-1505,"org.eclipse.ui.edit.cut",1480939544232
executed,command,org.eclipse.ui,3.7.0.v20110928-1505,"org.eclipse.ui.edit.paste",1480939547499
executed,command,org.eclipse.ui,3.7.0.v20110928-1505,"org.eclipse.ui.file.save",1480939548421
executed,command,org.eclipse.ui,3.7.0.v20110928-1505,"org.eclipse.ui.edit.text.contentAssist.proposals",1480939550374
executed,command,org.eclipse.ui,3.7.0.v20110928-1505,"org.eclipse.ui.edit.text.contentAssist.proposals",1480939552541
executed,command,org.eclipse.ui,3.7.0.v20110928-1505,"org.eclipse.ui.edit.text.contentAssist.proposals",1480939553775
executed,command,org.eclipse.ui,3.7.0.v20110928-1505,"org.eclipse.ui.edit.text.contentAssist.proposals",1480939553947
executed,command,org.eclipse.ui,3.7.0.v20110928-1505,"org.eclipse.ui.edit.text.contentAssist.proposals",1480939554135
executed,command,org.eclipse.ui,3.7.0.v20110928-1505,"org.eclipse.ui.edit.text.contentAssist.proposals",1480939555416
executed,command,org.eclipse.ui,3.7.0.v20110928-1505,"org.eclipse.ui.edit.text.contentAssist.proposals",1480939586814
executed,command,org.eclipse.ui,3.7.0.v20110928-1505,"org.eclipse.ui.edit.text.contentAssist.proposals",1480939590360
executed,command,org.eclipse.ui,3.7.0.v20110928-1505,"org.eclipse.ui.file.save",1480939593897
activated,view,org.eclipse.ui.navigator.resources,3.4.300.v20110928-1505,"org.eclipse.ui.navigator.ProjectExplorer",1480939595365
opened,editor,org.eclipse.cdt.ui,5.3.2.201202111925,"org.eclipse.cdt.ui.editor.CEditor",1480939595568
activated,editor,org.eclipse.cdt.ui,5.3.2.201202111925,"org.eclipse.cdt.ui.editor.CEditor",1480939595615
executed,command,org.eclipse.ui,3.7.0.v20110928-1505,"org.eclipse.ui.edit.copy",1480939598117
activated,editor,org.eclipse.cdt.ui,5.3.2.201202111925,"org.eclipse.cdt.ui.editor.CEditor",1480939598950
executed,command,org.eclipse.ui,3.7.0.v20110928-1505,"org.eclipse.ui.edit.copy",1480939600497
executed,command,org.eclipse.ui,3.7.0.v20110928-1505,"org.eclipse.ui.edit.paste",1480939600654
executed,command,org.eclipse.ui,3.7.0.v20110928-1505,"org.eclipse.ui.edit.paste",1480939601013
executed,command,org.eclipse.ui,3.7.0.v20110928-1505,"org.eclipse.ui.edit.undo",1480939601435
executed,command,org.eclipse.ui,3.7.0.v20110928-1505,"org.eclipse.ui.edit.paste",1480939602388
executed,command,org.eclipse.ui,3.7.0.v20110928-1505,"org.eclipse.ui.edit.undo",1480939602841
executed,command,org.eclipse.ui,3.7.0.v20110928-1505,"org.eclipse.ui.edit.paste",1480939603372
executed,command,org.eclipse.ui,3.7.0.v20110928-1505,"org.eclipse.ui.edit.paste",1480939603654
activated,editor,org.eclipse.cdt.ui,5.3.2.201202111925,"org.eclipse.cdt.ui.editor.CEditor",1480939608464
executed,command,org.eclipse.ui,3.7.0.v20110928-1505,"org.eclipse.ui.edit.copy",1480939609683
activated,editor,org.eclipse.cdt.ui,5.3.2.201202111925,"org.eclipse.cdt.ui.editor.CEditor",1480939610652
executed,command,org.eclipse.ui,3.7.0.v20110928-1505,"org.eclipse.ui.edit.paste",1480939611808
activated,editor,org.eclipse.cdt.ui,5.3.2.201202111925,"org.eclipse.cdt.ui.editor.CEditor",1480939612980
executed,command,org.eclipse.ui,3.7.0.v20110928-1505,"org.eclipse.ui.edit.copy",1480939614242
activated,editor,org.eclipse.cdt.ui,5.3.2.201202111925,"org.eclipse.cdt.ui.editor.CEditor",1480939614648
executed,command,org.eclipse.ui,3.7.0.v20110928-1505,"org.eclipse.ui.edit.paste",1480939615711
executed,command,org.eclipse.ui,3.7.0.v20110928-1505,"org.eclipse.ui.file.save",1480939616226
executed,command,org.eclipse.ui,3.7.0.v20110928-1505,"org.eclipse.ui.file.save",1480939621242
activated,view,org.eclipse.ui.navigator.resources,3.4.300.v20110928-1505,"org.eclipse.ui.navigator.ProjectExplorer",1480939626760
deactivated,workbench,org.eclipse.ui.workbench,3.7.1.v20120104-1859,"",1480939628617
activated,workbench,org.eclipse.ui.workbench,3.7.1.v20120104-1859,"",1480939637968
executed,command,,,"com.altera.sbtgui.launch.hardware.Nios2HardwareLaunchShortcut.run",1480939641999
deactivated,workbench,org.eclipse.ui.workbench,3.7.1.v20120104-1859,"",1480939651121
activated,workbench,org.eclipse.ui.workbench,3.7.1.v20120104-1859,"",1480939655185
activated,view,org.eclipse.ui.ide,3.7.0.v20110928-1505,"org.eclipse.ui.views.ProblemView",1480939656623
activated,editor,org.eclipse.cdt.ui,5.3.2.201202111925,"org.eclipse.cdt.ui.editor.CEditor",1480939658701
executed,command,org.eclipse.ui,3.7.0.v20110928-1505,"org.eclipse.ui.edit.copy",1480939671581
executed,command,org.eclipse.ui,3.7.0.v20110928-1505,"org.eclipse.ui.edit.paste",1480939672300
executed,command,org.eclipse.ui,3.7.0.v20110928-1505,"org.eclipse.ui.edit.paste",1480939672878
executed,command,org.eclipse.ui,3.7.0.v20110928-1505,"org.eclipse.ui.file.save",1480939673190
activated,view,org.eclipse.ui.navigator.resources,3.4.300.v20110928-1505,"org.eclipse.ui.navigator.ProjectExplorer",1480939676873
deactivated,workbench,org.eclipse.ui.workbench,3.7.1.v20120104-1859,"",1480939678998
activated,workbench,org.eclipse.ui.workbench,3.7.1.v20120104-1859,"",1480939688203
executed,command,,,"com.altera.sbtgui.launch.hardware.Nios2HardwareLaunchShortcut.run",1480939692213
activated,view,org.eclipse.ui.console,3.5.100.v20111007_r372,"org.eclipse.ui.console.ConsoleView",1480939696885
activated,editor,org.eclipse.cdt.ui,5.3.2.201202111925,"org.eclipse.cdt.ui.editor.CEditor",1480939700894
deactivated,workbench,org.eclipse.ui.workbench,3.7.1.v20120104-1859,"",1480939701348
activated,workbench,org.eclipse.ui.workbench,3.7.1.v20120104-1859,"",1480939702488
executed,command,org.eclipse.ui,3.7.0.v20110928-1505,"org.eclipse.ui.edit.delete",1480939704676
executed,command,org.eclipse.ui,3.7.0.v20110928-1505,"org.eclipse.ui.edit.delete",1480939704816
executed,command,org.eclipse.ui,3.7.0.v20110928-1505,"org.eclipse.ui.file.save",1480939705531
activated,view,org.eclipse.ui.navigator.resources,3.4.300.v20110928-1505,"org.eclipse.ui.navigator.ProjectExplorer",1480939708406
deactivated,workbench,org.eclipse.ui.workbench,3.7.1.v20120104-1859,"",1480939710531
activated,workbench,org.eclipse.ui.workbench,3.7.1.v20120104-1859,"",1480939731817
executed,command,,,"com.altera.sbtgui.launch.hardware.Nios2HardwareLaunchShortcut.run",1480939736250
deactivated,workbench,org.eclipse.ui.workbench,3.7.1.v20120104-1859,"",1480939736282
activated,workbench,org.eclipse.ui.workbench,3.7.1.v20120104-1859,"",1480939737875
activated,view,com.altera.sbtgui.launch,13.1.0.162,"com.altera.sbtgui.launch.hardware.ByteStreamConsoleView",1480939748390
activated,view,org.eclipse.ui.console,3.5.100.v20111007_r372,"org.eclipse.ui.console.ConsoleView",1480939749156
activated,editor,org.eclipse.cdt.ui,5.3.2.201202111925,"org.eclipse.cdt.ui.editor.CEditor",1480939778466
deactivated,workbench,org.eclipse.ui.workbench,3.7.1.v20120104-1859,"",1480939856963
executed,command,org.eclipse.ui,3.7.0.v20110928-1505,"org.eclipse.ui.edit.findReplace",1480939856994
activated,workbench,org.eclipse.ui.workbench,3.7.1.v20120104-1859,"",1480939860308
activated,editor,org.eclipse.cdt.ui,5.3.2.201202111925,"org.eclipse.cdt.ui.editor.CEditor",1480939862042
executed,command,org.eclipse.ui,3.7.0.v20110928-1505,"org.eclipse.ui.file.save",1480939876363
activated,view,org.eclipse.ui.navigator.resources,3.4.300.v20110928-1505,"org.eclipse.ui.navigator.ProjectExplorer",1480939878331
deactivated,workbench,org.eclipse.ui.workbench,3.7.1.v20120104-1859,"",1480939880394
activated,workbench,org.eclipse.ui.workbench,3.7.1.v20120104-1859,"",1480939900257
executed,command,,,"com.altera.sbtgui.launch.hardware.Nios2HardwareLaunchShortcut.run",1480939904575
deactivated,workbench,org.eclipse.ui.workbench,3.7.1.v20120104-1859,"",1480939911794
activated,view,com.altera.sbtgui.launch,13.1.0.162,"com.altera.sbtgui.launch.hardware.ByteStreamConsoleView",1480939917817
activated,workbench,org.eclipse.ui.workbench,3.7.1.v20120104-1859,"",1480939918756
activated,view,org.eclipse.ui.console,3.5.100.v20111007_r372,"org.eclipse.ui.console.ConsoleView",1480939918760
deactivated,workbench,org.eclipse.ui.workbench,3.7.1.v20120104-1859,"",1480939942415
activated,workbench,org.eclipse.ui.workbench,3.7.1.v20120104-1859,"",1480939967122
activated,view,com.altera.sbtgui.launch,13.1.0.162,"com.altera.sbtgui.launch.hardware.ByteStreamConsoleView",1480939968164
activated,editor,org.eclipse.cdt.ui,5.3.2.201202111925,"org.eclipse.cdt.ui.editor.CEditor",1480940031994
activated,editor,org.eclipse.cdt.ui,5.3.2.201202111925,"org.eclipse.cdt.ui.editor.CEditor",1480940045208
executed,command,org.eclipse.ui,3.7.0.v20110928-1505,"org.eclipse.ui.edit.copy",1480940049848
activated,editor,org.eclipse.cdt.ui,5.3.2.201202111925,"org.eclipse.cdt.ui.editor.CEditor",1480940050606
deactivated,workbench,org.eclipse.ui.workbench,3.7.1.v20120104-1859,"",1480940051247
executed,command,org.eclipse.ui,3.7.0.v20110928-1505,"org.eclipse.ui.edit.findReplace",1480940051263
executed,command,org.eclipse.ui,3.7.0.v20110928-1505,"org.eclipse.ui.edit.paste",1480940051481
activated,workbench,org.eclipse.ui.workbench,3.7.1.v20120104-1859,"",1480940054077
executed,command,org.eclipse.cdt.ui,5.3.2.201202111925,"org.eclipse.cdt.ui.edit.opendecl",1480940065560
activated,editor,org.eclipse.cdt.ui,5.3.2.201202111925,"org.eclipse.cdt.ui.editor.CEditor",1480940086407
executed,command,org.eclipse.cdt.ui,5.3.2.201202111925,"org.eclipse.cdt.ui.edit.opendecl",1480940093485
activated,editor,org.eclipse.cdt.ui,5.3.2.201202111925,"org.eclipse.cdt.ui.editor.CEditor",1480940093532
executed,command,org.eclipse.cdt.ui,5.3.2.201202111925,"org.eclipse.cdt.ui.edit.opendecl",1480940101365
activated,view,com.altera.sbtgui.launch,13.1.0.162,"com.altera.sbtgui.launch.hardware.ByteStreamConsoleView",1480940154032
activated,editor,org.eclipse.cdt.ui,5.3.2.201202111925,"org.eclipse.cdt.ui.editor.CEditor",1480940155079
executed,command,org.eclipse.ui,3.7.0.v20110928-1505,"org.eclipse.ui.file.save",1480940176465
executed,command,org.eclipse.ui,3.7.0.v20110928-1505,"org.eclipse.ui.edit.copy",1480940178261
executed,command,org.eclipse.ui,3.7.0.v20110928-1505,"org.eclipse.ui.edit.paste",1480940181121
executed,command,org.eclipse.ui,3.7.0.v20110928-1505,"org.eclipse.ui.edit.copy",1480940183530
executed,command,org.eclipse.ui,3.7.0.v20110928-1505,"org.eclipse.ui.edit.paste",1480940184358
executed,command,org.eclipse.ui,3.7.0.v20110928-1505,"org.eclipse.ui.edit.copy",1480940185921
executed,command,org.eclipse.ui,3.7.0.v20110928-1505,"org.eclipse.ui.edit.paste",1480940187858
executed,command,org.eclipse.ui,3.7.0.v20110928-1505,"org.eclipse.ui.edit.copy",1480940189405
executed,command,org.eclipse.ui,3.7.0.v20110928-1505,"org.eclipse.ui.edit.paste",1480940190405
executed,command,org.eclipse.ui,3.7.0.v20110928-1505,"org.eclipse.ui.edit.copy",1480940193361
executed,command,org.eclipse.ui,3.7.0.v20110928-1505,"org.eclipse.ui.edit.paste",1480940194361
executed,command,org.eclipse.ui,3.7.0.v20110928-1505,"org.eclipse.ui.edit.copy",1480940195676
executed,command,org.eclipse.ui,3.7.0.v20110928-1505,"org.eclipse.ui.edit.paste",1480940196333
executed,command,org.eclipse.ui,3.7.0.v20110928-1505,"org.eclipse.ui.file.save",1480940196926
executed,command,org.eclipse.ui,3.7.0.v20110928-1505,"org.eclipse.ui.edit.copy",1480940197786
executed,command,org.eclipse.ui.workbench.texteditor,3.7.0.v20110928-1504,"org.eclipse.ui.edit.text.goto.wordNext",1480940199634
executed,command,org.eclipse.ui,3.7.0.v20110928-1505,"org.eclipse.ui.edit.paste",1480940201056
executed,command,org.eclipse.ui,3.7.0.v20110928-1505,"org.eclipse.ui.edit.copy",1480940204964
executed,command,org.eclipse.ui,3.7.0.v20110928-1505,"org.eclipse.ui.edit.paste",1480940207089
executed,command,org.eclipse.ui,3.7.0.v20110928-1505,"org.eclipse.ui.edit.paste",1480940209679
executed,command,org.eclipse.ui,3.7.0.v20110928-1505,"org.eclipse.ui.edit.paste",1480940212413
executed,command,org.eclipse.ui,3.7.0.v20110928-1505,"org.eclipse.ui.edit.paste",1480940213788
executed,command,org.eclipse.ui,3.7.0.v20110928-1505,"org.eclipse.ui.edit.paste",1480940214950
executed,command,org.eclipse.ui,3.7.0.v20110928-1505,"org.eclipse.ui.file.save",1480940217591
executed,command,org.eclipse.ui,3.7.0.v20110928-1505,"org.eclipse.ui.edit.paste",1480940223013
executed,command,org.eclipse.ui,3.7.0.v20110928-1505,"org.eclipse.ui.edit.paste",1480940224278
executed,command,org.eclipse.ui,3.7.0.v20110928-1505,"org.eclipse.ui.file.save",1480940225122
activated,view,org.eclipse.ui.navigator.resources,3.4.300.v20110928-1505,"org.eclipse.ui.navigator.ProjectExplorer",1480940226926
deactivated,workbench,org.eclipse.ui.workbench,3.7.1.v20120104-1859,"",1480940229253
executed,command,,,"com.altera.sbtgui.launch.hardware.Nios2HardwareLaunchShortcut.run",1480940254194
activated,view,com.altera.sbtgui.launch,13.1.0.162,"com.altera.sbtgui.launch.hardware.ByteStreamConsoleView",1480940266935
activated,workbench,org.eclipse.ui.workbench,3.7.1.v20120104-1859,"",1480940267942
activated,view,org.eclipse.ui.console,3.5.100.v20111007_r372,"org.eclipse.ui.console.ConsoleView",1480940267942
